{
    "pools": [
      {
        "rolls": 1,
        "entries": [
          {
            "type": "minecraft:item",
            "name": "minecraft:leather_boots",
            "functions": [
              {
                "function": "minecraft:set_nbt",
                "tag": "{display:{Name:'{\"text\":\"Builder Boots\",\"color\":\"gold\",\"bold\":true,\"italic\":false}',Lore:['{\"text\":\"Place Bricks in your offhand\",\"color\":\"yellow\",\"italic\":false}','{\"text\":\"and sneak to automatically\",\"color\":\"yellow\",\"italic\":false}','{\"text\":\"tower upward into the sky!\",\"color\":\"yellow\",\"italic\":false}'],color:16746496},digs:{type:\"builder_boots\"},Enchantments:[{}]}"
              }
            ]
          }
        ]
      }
    ]
  }
  