{
    "pools": [
      {
        "rolls": 1,
        "entries": [
          {
            "type": "minecraft:item",
            "name": "minecraft:item_frame",
            "functions": [
              {
                "function": "minecraft:set_nbt",
                "tag": "{display:{Name:'{\"text\":\"Lake Drainer\",\"color\":\"blue\",\"italic\":false}',Lore:['{\"text\":\"LAND HO\",\"color\":\"dark_red\",\"italic\":false}']},EntityTag:{Item:{id:\"minecraft:heart_of_the_sea\",Count:1b,tag:{digs:{type:\"lake_drainer\"}}},Invisible:1b}}"
              }
            ]
          }
        ]
      }
    ]
  }
  