{
    "pools": [
      {
        "rolls": 1,
        "entries": [
          {
            "type": "minecraft:item",
            "name": "minecraft:suspicious_stew",
            "functions": [
              {
                "function": "minecraft:set_stew_effect",
                "effects": [
                  {
                    "type": "minecraft:glowing",
                    "duration": {
                      "min": 10,
                      "max": 60
                    }
                  }
                ]
              }
            ]
          },
          {
            "type": "minecraft:item",
            "name": "minecraft:suspicious_stew",
            "functions": [
              {
                "function": "minecraft:set_stew_effect",
                "effects": [
                  {
                    "type": "minecraft:regeneration",
                    "duration": {
                      "min": 20,
                      "max": 60
                    }
                  }
                ]
              }
            ]
          },
          {
            "type": "minecraft:item",
            "name": "minecraft:suspicious_stew",
            "functions": [
              {
                "function": "minecraft:set_stew_effect",
                "effects": [
                  {
                    "type": "minecraft:slowness",
                    "duration": {
                      "min": 10,
                      "max": 30
                    }
                  }
                ]
              }
            ]
          },
          {
            "type": "minecraft:item",
            "name": "minecraft:suspicious_stew",
            "functions": [
              {
                "function": "minecraft:set_stew_effect",
                "effects": [
                  {
                    "type": "minecraft:jump_boost",
                    "duration": {
                      "min": 20,
                      "max": 60
                    }
                  },
                  {
                    "type": "minecraft:speed",
                    "duration": {
                      "min": 20,
                      "max": 60
                    }
                  }
                ]
              }
            ]
          },
          {
            "type": "minecraft:item",
            "name": "minecraft:suspicious_stew",
            "functions": [
              {
                "function": "minecraft:set_stew_effect",
                "effects": [
                  {
                    "type": "minecraft:blindness",
                    "duration": {
                      "min": 10,
                      "max": 30
                    }
                  },
                  {
                    "type": "minecraft:strength",
                    "duration": {
                      "min": 20,
                      "max": 60
                    }
                  }
                ]
              }
            ]
          },
          {
            "type": "minecraft:item",
            "name": "minecraft:suspicious_stew",
            "functions": [
              {
                "function": "minecraft:set_stew_effect",
                "effects": [
                  {
                    "type": "minecraft:resistance",
                    "duration": {
                      "min": 10,
                      "max": 20
                    }
                  }
                ]
              }
            ]
          },
          {
            "type": "minecraft:item",
            "name": "minecraft:suspicious_stew",
            "functions": [
              {
                "function": "minecraft:set_stew_effect",
                "effects": [
                  {
                    "type": "minecraft:poison",
                    "duration": {
                      "min": 10,
                      "max": 20
                    }
                  },
                  {
                    "type": "minecraft:water_breathing",
                    "duration": {
                      "min": 20,
                      "max": 60
                    }
                  }
                ]
              }
            ]
          }
        ]
      }
    ]
  }
  