{
    "pools": [
      {
        "rolls": 1,
        "entries": [
          {
            "type": "minecraft:item",
            "name": "minecraft:potion",
            "functions": [
              {
                "function": "minecraft:set_nbt",
                "tag": "{Potion:\"minecraft:swiftness\"}"
              }
            ]
          },
          {
            "type": "minecraft:item",
            "name": "minecraft:potion",
            "functions": [
              {
                "function": "minecraft:set_nbt",
                "tag": "{Potion:\"minecraft:long_swiftness\"}"
              }
            ]
          },
          {
            "type": "minecraft:item",
            "name": "minecraft:potion",
            "functions": [
              {
                "function": "minecraft:set_nbt",
                "tag": "{Potion:\"minecraft:strong_swiftness\"}"
              }
            ]
          },
          {
            "type": "minecraft:item",
            "name": "minecraft:potion",
            "functions": [
              {
                "function": "minecraft:set_nbt",
                "tag": "{Potion:\"minecraft:strength\"}"
              }
            ]
          },
          {
            "type": "minecraft:item",
            "name": "minecraft:potion",
            "functions": [
              {
                "function": "minecraft:set_nbt",
                "tag": "{Potion:\"minecraft:long_strength\"}"
              }
            ]
          },
          {
            "type": "minecraft:item",
            "name": "minecraft:potion",
            "functions": [
              {
                "function": "minecraft:set_nbt",
                "tag": "{Potion:\"minecraft:strong_strength\"}"
              }
            ]
          },
          {
            "type": "minecraft:item",
            "name": "minecraft:potion",
            "functions": [
              {
                "function": "minecraft:set_nbt",
                "tag": "{Potion:\"minecraft:healing\"}"
              }
            ]
          },
          {
            "type": "minecraft:item",
            "name": "minecraft:potion",
            "functions": [
              {
                "function": "minecraft:set_nbt",
                "tag": "{Potion:\"minecraft:strong_healing\"}"
              }
            ]
          },
          {
            "type": "minecraft:item",
            "name": "minecraft:potion",
            "functions": [
              {
                "function": "minecraft:set_nbt",
                "tag": "{Potion:\"minecraft:regeneration\"}"
              }
            ]
          },
          {
            "type": "minecraft:item",
            "name": "minecraft:potion",
            "functions": [
              {
                "function": "minecraft:set_nbt",
                "tag": "{Potion:\"minecraft:long_regeneration\"}"
              }
            ]
          },
          {
            "type": "minecraft:item",
            "name": "minecraft:potion",
            "functions": [
              {
                "function": "minecraft:set_nbt",
                "tag": "{Potion:\"minecraft:strong_regeneration\"}"
              }
            ]
          },{
            "type": "minecraft:item",
            "name": "minecraft:potion",
            "functions": [
              {
                "function": "minecraft:set_nbt",
                "tag": "{Potion:\"minecraft:slow_falling\"}"
              }
            ]
          }
        ]
      }
    ]
  }
  