{
    "pools": [
      {
        "rolls": 1,
        "entries": [
          {
            "type": "minecraft:item",
            "name": "minecraft:item_frame",
            "functions": [
              {
                "function": "minecraft:set_nbt",
                "tag": "{display:{Name:'{\"text\":\"Insta Room\",\"color\":\"green\",\"italic\":false}',Lore:['{\"text\":\"Not quite a full house..\",\"color\":\"gray\",\"italic\":false}']},EntityTag:{Item:{id:\"minecraft:scaffolding\",Count:1b,tag:{digs:{type:\"fort\"}}},Invisible:1b}}"
              }
            ]
          }
        ]
      }
    ]
  }
  