{
    "pools": [
      {
        "rolls": 1,
        "entries": [
          {
            "type": "minecraft:item",
            "name": "minecraft:carrot_on_a_stick",
            "functions": [
              {
                "function": "minecraft:set_nbt",
                "tag": "{display:{Name:'{\"text\":\"TNT Stick\",\"color\":\"dark_red\",\"italic\":false}',Lore:['{\"text\":\"Right-click to fire a TNT\",\"color\":\"red\",\"italic\":false}','{\"text\":\"Consumes 1 TNT item\",\"color\":\"yellow\",\"italic\":false}']},Unbreakable:1b,digs:{type:\"tnt_cannon\"},Enchantments:[{}]}"
              }
            ]
          }
        ]
      }
    ]
  }
  