{
    "pools": [
      {
        "rolls": 1,
        "entries": [
          {
            "type": "minecraft:item",
            "weight": 25,
            "name": "minecraft:wooden_sword",
            "functions": [
              {
                "function": "minecraft:enchant_randomly",
                "enchantments": [
                  "minecraft:sharpness",
                  "minecraft:fire_aspect",
                  "minecraft:knockback",
                  "minecraft:sweeping"
                ],
                "conditions": [
                  {
                    "condition": "minecraft:random_chance",
                    "chance": 0.5
                  }
                ]
              }
            ]
          }, {
            "type": "minecraft:item",
            "weight": 20,
            "name": "minecraft:stone_sword",
            "functions": [
              {
                "function": "minecraft:enchant_randomly",
                "enchantments": [
                  "minecraft:sharpness",
                  "minecraft:fire_aspect",
                  "minecraft:knockback",
                  "minecraft:sweeping"
                ],
                "conditions": [
                  {
                    "condition": "minecraft:random_chance",
                    "chance": 0.5
                  }
                ]
              }
            ]
          },
          {
            "type": "minecraft:item",
            "weight": 15,
            "name": "minecraft:golden_sword",
            "functions": [
              {
                "function": "minecraft:enchant_randomly",
                "enchantments": [
                  "minecraft:sharpness",
                  "minecraft:fire_aspect",
                  "minecraft:knockback",
                  "minecraft:sweeping"
                ],
                "conditions": [
                  {
                    "condition": "minecraft:random_chance",
                    "chance": 0.5
                  }
                ]
              }
            ]
          },
          {
            "type": "minecraft:item",
            "weight": 10,
            "name": "minecraft:iron_sword",
            "functions": [
              {
                "function": "minecraft:enchant_randomly",
                "enchantments": [
                  "minecraft:sharpness",
                  "minecraft:fire_aspect",
                  "minecraft:knockback",
                  "minecraft:sweeping"
                ],
                "conditions": [
                  {
                    "condition": "minecraft:random_chance",
                    "chance": 0.5
                  }
                ]
              }
            ]
          },
          {
            "type": "minecraft:item",
            "weight": 5,
            "name": "minecraft:diamond_sword",
            "functions": [
              {
                "function": "minecraft:enchant_randomly",
                "enchantments": [
                  "minecraft:sharpness",
                  "minecraft:fire_aspect",
                  "minecraft:knockback",
                  "minecraft:sweeping"
                ],
                "conditions": [
                  {
                    "condition": "minecraft:random_chance",
                    "chance": 0.5
                  }
                ]
              }
            ]
          },
          {
            "type": "minecraft:item",
            "weight": 1,
            "name": "minecraft:netherite_sword",
            "functions": [
              {
                "function": "minecraft:enchant_randomly",
                "enchantments": [
                  "minecraft:sharpness",
                  "minecraft:fire_aspect",
                  "minecraft:knockback",
                  "minecraft:sweeping"
                ],
                "conditions": [
                  {
                    "condition": "minecraft:random_chance",
                    "chance": 0.5
                  }
                ]
              }
            ]
          }
        ]
      }
    ]
  }