{
    "pools": [
      {
        "rolls": {
          "min": 4,
          "max": 12
        },
        "entries": [
          {
            "type": "minecraft:item",
            "weight": 5,
            "name": "minecraft:golden_apple",
            "functions": [
              {
                "function": "minecraft:set_count",
                "count": {
                  "min": 1,
                  "max": 4
                }
              }
            ]
          },
          {
            "type": "minecraft:loot_table",
            "weight": 4,
            "name": "digs:single/insta_room"
          },
          {
            "type": "minecraft:loot_table",
            "weight": 5,
            "name": "digs:single/air_strike"
          },
          {
            "type": "minecraft:loot_table",
            "weight": 4,
            "name": "digs:single/lake_drainer"
          },
          {
            "type": "minecraft:loot_table",
            "weight": 8,
            "name": "digs:sets/swords",
            "functions": [
              {
                "function": "minecraft:set_count",
                "count": {
                  "min": 1,
                  "max": 3
                }
              }
            ]
          },
          {
            "type": "minecraft:loot_table",
            "weight": 8,
            "name": "digs:sets/armor",
            "functions": [
              {
                "function": "minecraft:set_count",
                "count": {
                  "min": 1,
                  "max": 3
                }
              }
            ]
          },
          {
            "type": "minecraft:item",
            "weight": 5,
            "name": "minecraft:tnt",
            "functions": [
              {
                "function": "minecraft:set_nbt",
                "tag": "{BlockStateTag:{unstable:\"true\"}}"
              },
              {
                "function": "minecraft:set_count",
                "count": {
                  "min": 1,
                  "max": 8
                }
              }
            ]
          },
          {
            "type": "minecraft:item",
            "weight": 4,
            "name": "minecraft:diamond_pickaxe",
            "functions": [
              {
                "function": "minecraft:set_enchantments",
                "enchantments": {
                  "minecraft:efficiency": {
                    "min": 5,
                    "max": 25
                  }
                }
              }
            ]
          },
          {
            "type": "minecraft:item",
            "weight": 4,
            "name": "minecraft:diamond_shovel",
            "functions": [
              {
                "function": "minecraft:set_enchantments",
                "enchantments": {
                  "minecraft:efficiency": {
                    "min": 5,
                    "max": 25
                  }
                }
              }
            ]
          },
          {
            "type": "minecraft:item",
            "weight": 6,
            "name": "minecraft:arrow",
            "functions": [
              {
                "function": "minecraft:set_count",
                "count": {
                  "min": 1,
                  "max": 6
                }
              }
            ]
          },
          {
            "type": "minecraft:item",
            "weight": 5,
            "name": "minecraft:bow",
            "functions": [
              {
                "function": "minecraft:enchant_randomly",
                "enchantments": [
                  "minecraft:power",
                  "minecraft:punch",
                  "minecraft:flame"
                ]
              }
            ]
          },
          {
            "type": "minecraft:item",
            "weight": 7,
            "name": "minecraft:egg",
            "functions": [
              {
                "function": "minecraft:set_count",
                "count": {
                  "min": 1,
                  "max": 8
                }
              }
            ]
          },
          {
            "type": "minecraft:item",
            "weight": 8,
            "name": "minecraft:snowball",
            "functions": [
              {
                "function": "minecraft:set_count",
                "count": {
                  "min": 1,
                  "max": 10
                }
              }
            ]
          }
        ]
      }
    ]
  }
  