{
    "pools": [
      {
        "rolls": 1,
        "entries": [
          {
            "type": "minecraft:item",
            "name": "minecraft:slime_ball",
            "functions": [
              {
                "function": "minecraft:set_nbt",
                "tag": "{display:{Name:'{\"text\":\"Slime Pad\",\"color\":\"green\",\"italic\":false}',Lore:['{\"text\":\"Drop to spawn a slime pad 10 blocks below you\",\"color\":\"gray\",\"italic\":false}']},digs:{type:\"slime_pad\"}}"
              }
            ]
          }
        ]
      }
    ]
  }
  