{
    "pools": [
      {
        "rolls": {
          "min": 2,
          "max": 6
        },
        "entries": [
          {
            "type": "minecraft:item",
            "weight": 10,
            "name": "minecraft:bricks",
            "functions": [
              {
                "function": "minecraft:set_count",
                "count": {
                  "min": 4,
                  "max": 32
                }
              }
            ]
          },
          {
            "type": "minecraft:item",
            "weight": 5,
            "name": "minecraft:golden_apple",
            "functions": [
              {
                "function": "minecraft:set_count",
                "count": {
                  "min": 1,
                  "max": 4
                }
              }
            ]
          },
          {
            "type": "minecraft:item",
            "weight": 4,
            "name": "minecraft:iron_pickaxe"
          },
          {
            "type": "minecraft:item",
            "weight": 4,
            "name": "minecraft:iron_shovel"
          },
          {
            "type": "minecraft:loot_table",
            "weight": 3,
            "name": "digs:single/tnt_cannon"
          },
          {
            "type": "minecraft:loot_table",
            "weight": 3,
            "name": "digs:single/air_strike"
          },
          {
            "type": "minecraft:loot_table",
            "weight": 4,
            "name": "digs:single/fort"
          },
          {
            "type": "minecraft:loot_table",
            "weight": 3,
            "name": "digs:single/builder_boots"
          },
          {
            "type": "minecraft:loot_table",
            "weight": 4,
            "name": "digs:single/slime_pad"
          },
          {
            "type": "minecraft:item",
            "weight": 10,
            "name": "minecraft:snowball",
            "functions": [
              {
                "function": "minecraft:set_count",
                "count": {
                  "min": 1,
                  "max": 8
                }
              }
            ]
          },
          {
            "type": "minecraft:item",
            "weight": 7,
            "name": "minecraft:egg",
            "functions": [
              {
                "function": "minecraft:set_count",
                "count": {
                  "min": 1,
                  "max": 6
                }
              }
            ]
          },
          {
            "type": "minecraft:item",
            "weight": 7,
            "name": "minecraft:bread",
            "functions": [
              {
                "function": "minecraft:set_count",
                "count": {
                  "min": 1,
                  "max": 4
                }
              }
            ]
          },
          {
            "type": "minecraft:item",
            "weight": 5,
            "name": "minecraft:ender_pearl",
            "functions": [
              {
                "function": "minecraft:set_count",
                "count": {
                  "min": 1,
                  "max": 3
                }
              }
            ]
          },
          {
            "type": "minecraft:item",
            "weight": 7,
            "name": "minecraft:tnt",
            "functions": [
              {
                "function": "minecraft:set_nbt",
                "tag": "{BlockStateTag:{unstable:\"true\"}}"
              },
              {
                "function": "minecraft:set_count",
                "count": {
                  "min": 1,
                  "max": 4
                }
              }
            ]
          },
          {
            "type": "minecraft:item",
            "weight": 5,
            "name": "minecraft:stone_axe"
          },
          {
            "type": "minecraft:loot_table",
            "weight": 5,
            "name": "digs:sets/armor"
          },
          {
            "type": "minecraft:loot_table",
            "weight": 5,
            "name": "digs:sets/swords"
          },
          {
            "type": "minecraft:loot_table",
            "weight": 3,
            "name": "digs:single/lake_drainer"
          },
          {
            "type": "minecraft:item",
            "weight": 6,
            "name": "minecraft:arrow",
            "functions": [
              {
                "function": "minecraft:set_count",
                "count": {
                  "min": 1,
                  "max": 4
                }
              }
            ]
          },
          {
            "type": "minecraft:item",
            "weight": 4,
            "name": "minecraft:bow"
          }
        ]
      }
    ]
  }