{
    "pools": [
      {
        "rolls": {
          "min": 2,
          "max": 6
        },
        "entries": [
          {
            "type": "minecraft:item",
            "weight": 8,
            "name": "minecraft:bricks",
            "functions": [
              {
                "function": "minecraft:set_count",
                "count": {
                  "min": 1,
                  "max": 4
                }
              }
            ]
          },
          {
            "type": "minecraft:item",
            "weight": 7,
            "name": "minecraft:apple",
            "functions": [
              {
                "function": "minecraft:set_count",
                "count": {
                  "min": 1,
                  "max": 4
                }
              }
            ]
          },
          {
            "type": "minecraft:item",
            "weight": 4,
            "name": "minecraft:golden_apple"
          },
          {
            "type": "minecraft:item",
            "weight": 5,
            "name": "minecraft:tnt",
            "functions": [
              {
                "function": "minecraft:set_count",
                "count": {
                  "min": 1,
                  "max": 4
                }
              },
              {
                "function": "minecraft:set_nbt",
                "tag": "{BlockStateTag:{unstable:\"true\"}}"
              }
            ]
          },
          {
            "type": "minecraft:item",
            "weight": 4,
            "name": "minecraft:iron_pickaxe"
          },
          {
            "type": "minecraft:item",
            "weight": 4,
            "name": "minecraft:iron_shovel"
          },
          {
            "type": "minecraft:item",
            "weight": 1,
            "name": "minecraft:diamond_pickaxe"
          },
          {
            "type": "minecraft:item",
            "weight": 3,
            "name": "minecraft:lava_bucket"
          },
          {
            "type": "minecraft:item",
            "weight": 3,
            "name": "minecraft:stone_axe"
          },
          {
            "type": "minecraft:item",
            "weight": 5,
            "name": "minecraft:arrow",
            "functions": [
              {
                "function": "minecraft:set_count",
                "count": {
                  "min": 1,
                  "max": 4
                }
              }
            ]
          },
          {
            "type": "minecraft:item",
            "weight": 2,
            "name": "minecraft:spyglass"
          },
          {
            "type": "minecraft:loot_table",
            "weight": 5,
            "name": "digs:single/stew"
          },
          {
            "type": "minecraft:item",
            "weight": 2,
            "name": "minecraft:bow"
          },
          {
            "type": "minecraft:item",
            "weight": 4,
            "name": "minecraft:bread",
            "functions": [
              {
                "function": "minecraft:set_count",
                "count": {
                  "min": 1,
                  "max": 4
                }
              }
            ]
          },
          {
            "type": "minecraft:loot_table",
            "weight": 3,
            "name": "digs:sets/potions"
          },
          {
            "type": "minecraft:loot_table",
            "weight": 4,
            "name": "digs:sets/swords"
          },
          {
            "type": "minecraft:loot_table",
            "weight": 4,
            "name": "digs:sets/armor"
          },
          {
            "type": "minecraft:item",
            "weight": 7,
            "name": "minecraft:egg",
            "functions": [
              {
                "function": "minecraft:set_count",
                "count": {
                  "min": 1,
                  "max": 4
                }
              }
            ]
          },
          {
            "type": "minecraft:item",
            "weight": 10,
            "name": "minecraft:snowball",
            "functions": [
              {
                "function": "minecraft:set_count",
                "count": {
                  "min": 1,
                  "max": 4
                }
              }
            ]
          },
          {
            "type": "minecraft:loot_table",
            "weight": 3,
            "name": "digs:single/tnt_cannon"
          },
          {
            "type": "minecraft:loot_table",
            "weight": 3,
            "name": "digs:single/fort"
          },
          {
            "type": "minecraft:loot_table",
            "weight": 3,
            "name": "digs:single/slime_pad"
          }
        ]
      }
    ]
  }
  